dvdx,dvdy,dzdy,dzdx,z,v,phi,alpha
1.7,5.1,1.0103602609674471,-4.010360260967447,-1.9951625819640404,1.0048374180359596,0.1,0.009983341664682815
1.7333333333333334,5.2,1.0431319498438372,-4.043131949843837,-1.9812692469220181,1.0187307530779819,0.2,0.03973386615901225
1.7666666666666666,5.3,1.1015533304112965,-4.1015533304112965,-1.9591817793182822,1.0408182206817178,0.3,0.08865606199840186
1.8,5.4,1.190124142762941,-4.190124142762941,-1.9296799539643605,1.0703200460356395,0.4,0.15576733692346023
1.8333333333333333,5.5,1.315193629665349,-4.315193629665349,-1.8934693402873666,1.1065306597126334,0.5,0.2397127693021015
1.8666666666666665,5.6,1.4859044744084162,-4.485904474408416,-1.8511883639059736,1.1488116360940264,0.6,0.3387854840370212
1.9000000000000001,5.7,1.7157824873951357,-4.715782487395136,-1.8034146962085904,1.1965853037914096,0.7000000000000001,0.45095238106638386
1.9333333333333333,5.8,2.0255610069356402,-5.02556100693564,-1.7506710358827784,1.2493289641172216,0.8,0.5738848727196183
1.9666666666666668,5.9,2.448530193203206,-5.448530193203206,-1.6934303402594009,1.3065696597405991,0.9,0.7049942186647351
2,6,3.04150876686014,-6.04150876686014,-1.6321205588285577,1.3678794411714423,1,0.8414709848078965
2.033333333333333,6.1,3.9097985731301863,-6.909798573130186,-1.5671289163019204,1.4328710836980796,1.1,0.9803280960675791
2.066666666666667,6.2,5.272519462167507,-8.272519462167507,-1.4988057880877979,1.5011942119122021,1.2000000000000002,1.1184469031606719
2.1,6.300000000000001,7.67270622683229,-10.67270622683229,-1.4274682069659872,1.5725317930340128,1.3000000000000003,1.2526256410423513
2.1333333333333333,6.4,12.925466686849578,-15.925466686849578,-1.3534030360583935,1.6465969639416065,1.4000000000000001,1.3796296219838444
2.1666666666666665,6.5,33.10179112964729,-36.10179112964729,-1.27686983985157,1.72313016014843,1.5000000000000002,1.4962424799060818
2.1999999999999997,6.6,-85.06322484614499,82.06322484614499,-1.1981034820053444,1.8018965179946556,1.6,1.5993177648664083
2.2333333333333334,6.7,-20.343643312915276,17.343643312915276,-1.1173164759472651,1.8826835240527349,1.7000000000000002,1.6858301777691966
2.266666666666667,6.800000000000001,-12.108200460705474,9.108200460705474,-1.0347011117784133,1.9652988882215867,1.8000000000000003,1.7529257355807515
2.3000000000000003,6.9,-8.879752879118723,5.879752879118722,-0.9504313807773648,2.0495686192226352,1.9000000000000001,1.7979701666060877
2.3333333333333335,7,-7.155575103911358,4.155575103911358,-0.8646647167633872,2.135335283236613,2,1.8185948536513634
2.3666666666666667,7.1,-6.080319189006325,3.080319189006325,-0.7775435717470178,2.222456428252982,2.1,1.8127396699626348
2.4,7.2,-5.34221081805909,2.3422108180590904,-0.6891968416376661,2.310803158362334,2.2,1.7786920884030983
2.4333333333333336,7.300000000000001,-4.80027837449463,1.80027837449463,-0.5997411562771959,2.400258843722804,2.3000000000000003,1.7151219880064563
2.466666666666667,7.4,-4.381302921294291,1.381302921294291,-0.5092820467105872,2.490717953289413,2.4000000000000004,1.6211116333227618
2.5,7.5,-4.043296091402523,1.0432960914025229,-0.4179150013761008,2.582084998623899,2.5000000000000004,1.4961803602598904
2.533333333333333,7.6,-3.760253698055993,0.7602536980559929,-0.3257264217856659,2.674273578214334,2.6,1.340303566735807
2.566666666666667,7.7,-3.5149909535778106,0.5149909535778107,-0.2327944872602501,2.76720551273975,2.7,1.1539256766313404
2.6,7.800000000000001,-3.295450301626268,0.2954503016262683,-0.1391899373747818,2.860810062625218,2.8000000000000003,0.9379668204365331
2.6333333333333333,7.9,-3.0926441149741257,0.0926441149741259,-0.044976779943592504,2.9550232200564075,2.9000000000000004,0.6938230547205478
2.6666666666666665,8,-2.899419301582933,-0.10058069841706738,0.049787068367864507,3.0497870683678645,3.0000000000000004,0.4233600241796004
2.6999999999999997,8.1,-2.709650486515494,-0.2903495134845059,0.14504920239355767,3.1450492023935577,3.1,0.12890005354320053
2.733333333333333,8.2,-2.5176530824040566,-0.4823469175959435,0.24076220397836634,3.2407622039783663,3.2,-0.18679725896825627
2.766666666666667,8.3,-2.3176909995182355,-0.6823090004817646,0.33688316740124025,3.3368831674012402,3.3000000000000003,-0.5205607906727207
2.8000000000000003,8.4,-2.103487628986837,-0.8965123710131631,0.43337326996032655,3.4333732699603265,3.4000000000000004,-0.8688397468912278
2.8333333333333335,8.5,-1.8676520962091698,-1.1323479037908302,0.530197383422319,3.530197383422319,3.5000000000000004,-1.2277412969136712
2.8666666666666667,8.6,-1.600908090694648,-1.399091909305352,0.6273237224472927,3.6273237224472927,3.6,-1.5930735958614688
2.9,8.7,-1.2909480028935936,-1.7090519971064064,0.7247235264703398,3.7247235264703398,3.7,-1.9603937213614258
2.9333333333333336,8.8,-0.9205958486832717,-2.0794041513167283,0.8223707718561659,3.822370771856166,3.8000000000000003,-2.3250599855823335
2.966666666666667,8.9,-0.4646619082208696,-2.5353380917791304,0.9202419114458049,3.920241911445805,3.9000000000000004,-2.682288020817499
3,9,0.1158129793825804,-3.1158129793825804,1.0183156388887342,4.018315638888734,4,-3.027209981231713
3.033333333333333,9.1,0.8849205296186691,-3.884920529618669,1.1165726754017609,4.116572675401761,4.1,-3.354936155364082
3.0666666666666664,9.2,1.9565273174302238,-4.956527317430224,1.2149955768204777,4.214995576820478,4.2,-3.6606182441370705
3.1,9.3,3.5547468683397963,-6.554746868339796,1.313568559012201,4.313568559012201,4.3,-3.939513528022656
3.133333333333333,9.399999999999999,6.190538844753137,-9.190538844753137,1.412277339903068,4.412277339903068,4.3999999999999995,-4.187049125113869
3.1666666666666665,9.5,11.337183194529969,-14.337183194529969,1.5111089965382423,4.511108996538242,4.5,-4.3988855294929365
3.1999999999999997,9.6,25.711824508010945,-28.711824508010945,1.610051835744633,4.610051835744633,4.6,-4.570978616713936
3.233333333333333,9.7,272.9127781977741,-275.9127781977741,1.7090952771016958,4.709095277101696,4.7,-4.699639310551274
3.266666666666667,9.8,-44.331445828748485,41.331445828748485,1.8082297470490198,4.80822974704902,4.8,-4.781590122412035
3.3000000000000003,9.9,-23.453834659612067,20.453834659612067,1.907446583070925,4.907446583070925,4.9,-4.8140178018592295
3.3333333333333335,10,-17.148787183050437,14.148787183050436,2.0067379469990856,5.006737946999086,5,-4.794621373315692
3.3666666666666667,10.1,-14.144025208726605,11.144025208726605,2.106096746565515,5.106096746565515,5.1,-4.721654879871435
3.4,10.2,-12.414890438367143,9.414890438367143,2.205516564420761,5.205516564420761,5.2,-4.593964209744796
3.4333333333333336,10.3,-11.31565043141532,8.31565043141532,2.3049915939069097,5.30499159390691,5.3,-4.411017443786677
3.466666666666667,10.4,-10.576945234721494,7.576945234721494,2.4045165809426132,5.404516580942613,5.4,-4.172928232802331
3.5,10.5,-10.067005994273707,7.067005994273706,2.5040867714384643,5.504086771438464,5.5,-3.8804717906371557
3.533333333333333,10.6,-9.714317728154342,6.714317728154342,2.6036978637164827,5.603697863716483,5.6,-3.5350931720850007
3.5666666666666664,10.7,-9.47730815810705,6.477308158107049,2.703345965457472,5.703345965457472,5.7,-3.138907592806534
3.6,10.8,-9.33080920548728,6.330809205487281,2.803027554745376,5.803027554745376,5.8,-2.6946926405997926
3.6333333333333333,10.9,-9.259421995377622,6.259421995377621,2.902739444818769,5.902739444818769,5.9,-2.2058723224983927
3.6666666666666665,11,-9.25405471075566,6.25405471075566,3.0024787521766667,6.002478752176667,6,-1.6764929891935552
3.6999999999999997,11.1,-9.31006294198394,6.310062941983941,3.102242867719485,6.102242867719485,6.1,-1.1111912760597848
3.733333333333333,11.2,-9.426280315103828,6.426280315103829,3.202029430636296,6.202029430636296,6.2,-0.5151542974684776
3.766666666666667,11.3,-9.604606260581173,6.604606260581173,3.301836304777029,6.301836304777029,6.3,0.10592757305140318
3.8000000000000003,11.4,-9.850006465113,6.850006465112999,3.401661557273174,6.401661557273174,6.4,0.7459149110431593
3.8333333333333335,11.5,-10.170894545346481,7.170894545346481,3.5015034391929776,6.501503439192978,6.5,1.398279922570801
3.8666666666666667,11.6,-10.579955473037952,7.579955473037952,3.6013603680375477,6.601360368037548,6.6,2.0561729991882935
3.9,11.7,-11.095579886934116,8.095579886934116,3.701230911902674,6.701230911902674,6.7,2.712494468131209
3.9333333333333336,11.8,-11.744248326777122,8.744248326777122,3.8011137751478445,6.8011137751478445,6.8,3.3599707877425353
3.966666666666667,11.9,-12.564515753725269,9.564515753725269,3.901007785429049,6.901007785429049,6.9,3.991234374278581
4,12,-13.613874302446796,10.613874302446796,4.000911881965554,7.000911881965554,7,4.598906191031523
4.033333333333333,12.1,-14.981141114112448,11.981141114112448,4.100825104923265,7.100825104923265,7.1,5.175680184893719
4.066666666666666,12.2,-16.81026550107226,13.810265501072259,4.200746585808377,7.200746585808377,7.2,5.714408619713902
4.1000000000000005,12.3,-19.349968955847483,16.349968955847483,4.300675538775193,7.300675538775193,7.3,6.20818733058852
4.133333333333334,12.4,-23.06903691376233,20.06903691376233,4.40061125276113,7.40061125276113,7.4,6.65043990900604
4.166666666666667,12.5,-28.96707751812005,25.96707751812005,4.500553084370148,7.500553084370148,7.5,7.034999825810542
4.2,12.6,-39.61946456825754,36.61946456825754,4.60050045143344,7.60050045143344,7.6,7.356189507439296
4.233333333333333,12.7,-64.29405316823093,61.29405316823094,4.700452827182887,7.700452827182887,7.7,7.608895400852903
4.266666666666667,12.8,-180.93985052549212,177.93985052549212,4.80040973497898,7.80040973497898,7.8,7.788638093921919
4.3,12.9,210.04975261094415,-213.04975261094415,4.900370743540459,7.900370743540459,7.9,7.891636600534199
4.333333333333333,13,65.73311753597523,-68.73311753597523,5.000335462627902,8.000335462627902,8,7.914865972987054
4.366666666666666,13.1,38.884015369723414,-41.884015369723414,5.100303539138078,8.100303539138078,8.1,7.856107467845199
4.3999999999999995,13.2,27.666077664255194,-30.666077664255194,5.200274653569972,8.200274653569972,8.2,7.713990564774139
4.433333333333334,13.3,21.573634763303467,-24.573634763303467,5.300248516827109,8.300248516827109,8.3,7.488026220177235
4.466666666666667,13.4,17.798547491895455,-20.798547491895455,5.400224867324178,8.400224867324178,8.4,7.178630827941556
4.5,13.5,15.272739936999479,-18.27273993699948,5.50020346836901,8.50020346836901,8.5,6.787140457299667
4.533333333333333,13.6,13.50219152331363,-16.50219152331363,5.600184105793668,8.600184105793668,8.6,6.315815041717374
4.566666666666666,13.7,12.227922596948034,-15.227922596948034,5.700166585810987,8.700166585810987,8.7,5.767832301714995
4.6000000000000005,13.8,11.30206063304644,-14.30206063304644,5.800150733075096,8.800150733075096,8.8,5.147271297447503
4.633333333333334,13.9,10.635073604412806,-13.635073604412806,5.900136388926482,8.900136388926482,8.9,4.459085622475174
4.666666666666667,14,10.170725769535531,-13.170725769535531,6.000123409804086,9.000123409804086,9,3.7090663671758093
4.7,14.1,9.873214353437463,-12.873214353437463,6.100111665808489,9.10011166580849,9.1,2.9037950973791045
4.733333333333333,14.2,9.720196148939701,-12.720196148939701,6.2001010394018365,9.200101039401837,9.2,2.050587209722278
4.766666666666667,14.3,9.698912762295587,-12.698912762295587,6.3000914242314785,9.300091424231478,9.3,1.157426138615674
4.8,14.4,9.80409576730887,-12.80409576730887,6.400082724065557,9.400082724065557,9.4,0.232888999261563
4.833333333333333,14.5,10.037016349561597,-13.037016349561597,6.500074851829888,9.500074851829888,9.5,-0.7139356443871884
4.866666666666666,14.6,10.405400889023245,-13.405400889023245,6.600067728736491,9.60006772873649,9.6,-1.6735370997406045
4.9,14.700000000000001,10.924160001910066,-13.924160001910066,6.700061283495055,9.700061283495055,9.700000000000001,-2.6360780761861586
4.933333333333334,14.8,11.61707532444621,-14.61707532444621,6.800055451599432,9.800055451599432,9.8,-3.5914954666688983
4.966666666666667,14.9,12.519835424159297,-15.519835424159297,6.900050174682056,9.900050174682056,9.9,-4.529605348375681
5,15,13.685217308313533,-16.685217308313533,7.000045399929762,10.000045399929762,10,-5.440211108893697
5.033333333333333,15.1,15.191981840756902,-18.191981840756902,7.100041079555226,10.100041079555226,10.1,-6.313213553818109
5.066666666666667,15.200000000000001,17.160670332904406,-20.160670332904406,7.200037170318685,10.200037170318685,10.200000000000001,-7.138721813454146
5.1000000000000005,15.3,19.78318568854275,-22.78318568854275,7.300033633095186,10.300033633095186,10.3,-7.9071638405649
5.133333333333334,15.4,23.382310499837672,-26.382310499837672,7.400030432483009,10.400030432483009,10.4,-8.6093952784908
5.166666666666667,15.5,28.543407440746872,-31.543407440746872,7.50002753644935,10.50002753644935,10.5,-9.236805479702536
5.2,15.6,36.44599885511963,-39.44599885511963,7.6000249160097315,10.600024916009732,10.6,-9.781419469095749
5.233333333333333,15.700000000000001,49.86856076155929,-52.86856076155929,7.700022544937914,10.700022544937914,10.700000000000001,-10.235994674091017
5.266666666666667,15.8,77.27606807186093,-80.27606807186093,7.800020399503412,10.800020399503412,10.8,-10.59411128471811
5.3,15.9,162.56876406602228,-165.56876406602228,7.900018458233996,10.900018458233996,10.9,-10.850255161039515
5.333333333333333,16,-3618.256496625178,3615.256496625178,8.00001670170079,11.00001670170079,11,-10.999892272057739
5.366666666666667,16.1,-158.41680464778844,155.41680464778844,8.100015112323819,11.100015112323819,11.1,-11.03953372906428
5.400000000000001,16.200000000000003,-83.78637644383974,80.78637644383974,8.200013674196066,11.200013674196066,11.200000000000001,-10.966790566494751
5.433333333333334,16.3,-58.380425812011104,55.380425812011104,8.300012372924263,11.300012372924263,11.3,-10.780417523893606
5.466666666666666,16.4,-45.69482172965242,42.69482172965242,8.400011195484844,11.400011195484844,11.4,-10.480345192577303
5.5,16.5,-38.17453522297119,35.17453522297119,8.5000101300936,11.5000101300936,11.5,-10.067700008916928
5.533333333333334,16.6,-33.2662892849163,30.2662892849163,8.600009166087736,11.600009166087736,11.6,-9.544811701637023
5.566666666666667,16.700000000000003,-29.86861482850069,26.86861482850069,8.700008293819161,11.700008293819161,11.700000000000001,-8.915207931852676
5.6000000000000005,16.8,-27.42979116345425,24.42979116345425,8.800007504557916,11.800007504557916,11.8,-8.183596000370045
5.633333333333333,16.9,-25.64430251110249,22.64430251110249,8.900006790404808,11.900006790404808,11.9,-7.355831635620696
5.666666666666667,17,-24.330719731956417,21.330719731956417,9.000006144212353,12.000006144212353,12,-6.43887501600522
5.7,17.1,-23.37604857883524,20.37604857883524,9.10000555951324,12.10000555951324,12.1,-5.440734320868677
5.733333333333334,17.200000000000003,-22.70795523242761,19.70795523242761,9.200005030455609,12.200005030455609,12.200000000000001,-4.370397243289291
5.766666666666667,17.3,-22.279962923027327,19.279962923027327,9.300004551744463,12.300004551744463,12.3,-3.2377510337993516
5.8,17.4,-22.063227520367903,19.063227520367903,9.400004118588708,12.400004118588708,12.4,-2.0534917755590367
5.833333333333333,17.5,-22.041932472511135,19.041932472511135,9.500003726653173,12.500003726653173,12.5,-0.8290237168900085
5.866666666666667,17.6,-22.21086884781532,19.21086884781532,9.600003372015234,12.600003372015234,12.6,0.42365039498632234
5.900000000000001,17.700000000000003,-22.574515416361866,19.574515416361866,9.70000305112556,12.70000305112556,12.700000000000001,1.6920469260332884
5.933333333333334,17.8,-23.14735753371256,20.14735753371256,9.800002760772573,12.800002760772573,12.8,2.9633257612996986
5.966666666666666,17.9,-23.95548991008412,20.95548991008412,9.900002498050327,12.900002498050327,12.9,4.22442026487624
6,18,-25.039864959019067,22.039864959019067,10.000002260329406,13.000002260329406,13,5.462171478746332
6.033333333333334,18.1,-26.462006196549915,23.462006196549915,10.100002045230625,13.100002045230625,13.1,6.663465183278095
6.066666666666667,18.200000000000003,-28.3138228001605,25.3138228001605,10.200001850601199,13.200001850601199,13.200000000000001,7.815370394135364
6.1000000000000005,18.3,-30.73480483862496,27.73480483862496,10.30000167449321,13.30000167449321,13.3,8.905277837214811
6.133333333333333,18.4,-33.943494569047786,30.943494569047786,10.400001515144112,13.400001515144112,13.4,9.921036925362811
6.166666666666667,18.5,-38.298828964996545,35.298828964996545,10.500001370959087,13.500001370959087,13.5,10.851089758446882
6.2,18.6,-44.4302072949552,41.4302072949552,10.600001240495079,13.600001240495079,13.6,11.684600682048343
6.233333333333334,18.700000000000003,-53.54626577197649,50.54626577197649,10.700001122446366,13.700001122446366,13.700000000000001,12.411579969625938
6.266666666666667,18.8,-68.29332104159425,65.29332104159425,10.800001015631471,13.800001015631471,13.8,13.023000238328647
6.3,18.9,-95.78577856942546,92.78577856942546,10.900000918981359,13.900000918981359,13.9,13.510904269390165
6.333333333333333,19,-163.8925642294299,160.8925642294299,11.00000083152872,14.00000083152872,14,13.868502979728184
6.366666666666667,19.1,-600.4425861017859,597.4425861017859,11.100000752398298,14.100000752398298,14.1,14.090262381345639
6.400000000000001,19.200000000000003,353.7349376394453,-356.7349376394453,11.200000680798135,14.200000680798135,14.200000000000001,14.171978468572336
6.433333333333334,19.3,136.40770310152192,-139.40770310152192,11.300000616011626,14.300000616011626,14.3,14.110839089126971
6.466666666666666,19.4,84.75395703750759,-87.75395703750759,11.400000557390369,14.400000557390369,14.4,13.905471982309596
6.5,19.5,61.80255975956635,-64.80255975956635,11.500000504347662,14.500000504347662,14.5,13.555978305107903
6.533333333333334,19.6,48.961446756511535,-51.961446756511535,11.600000456352637,14.600000456352637,14.6,13.063951113251361
6.566666666666667,19.700000000000003,40.854358212075645,-43.854358212075645,11.700000412924943,14.700000412924943,14.700000000000001,12.432478417801121
6.6000000000000005,19.8,35.35200377179014,-38.35200377179014,11.800000373629938,14.800000373629938,14.8,11.666130597154682
6.633333333333333,19.9,31.444224152959336,-34.444224152959336,11.90000033807435,14.90000033807435,14.9,10.770932107728443
6.666666666666667,20,28.591921110721618,-31.591921110721618,12.00000030590232,15.00000030590232,15,9.754317602356753
6.7,20.1,26.48296112227763,-29.48296112227763,12.100000276791866,15.100000276791866,15.1,8.625072731865828
6.733333333333334,20.200000000000003,24.9260246222104,-27.9260246222104,12.20000025045164,15.20000025045164,15.200000000000001,7.393260070577732
6.766666666666667,20.3,23.79940685955995,-26.79940685955995,12.300000226618014,15.300000226618014,15.3,6.070130768898365
6.8,20.4,23.024371163177808,-26.024371163177808,12.400000205052457,15.400000205052457,15.4,4.668022693883815
6.833333333333333,20.5,22.55052572357841,-25.55052572357841,12.500000185539136,15.500000185539136,15.5,3.2002459700358474
6.866666666666667,20.6,22.34758346739722,-25.34758346739722,12.600000167882753,15.600000167882753,15.6,1.6809569758713272
6.900000000000001,20.700000000000003,22.400805678285323,-25.400805678285323,12.700000151906599,15.700000151906599,15.700000000000001,0.1250219854391884
6.933333333333334,20.8,22.708810014284314,-25.708810014284314,12.800000137450773,15.800000137450773,15.8,-1.45212823359737
6.966666666666666,20.9,23.283149090789543,-26.283149090789543,12.900000124370603,15.900000124370603,15.9,-3.034651443849611
7,21,24.14952523238282,-27.14952523238282,13.000000112535176,16.000000112535176,16,-4.606453066641045
7.033333333333334,21.1,25.35090389777182,-28.35090389777182,13.100000101826037,16.100000101826037,16.1,-6.151349816662547
7.066666666666667,21.200000000000003,26.95328362633823,-29.95328362633823,13.200000092136012,16.200000092136012,16.200000000000003,-7.653236179655203
7.1000000000000005,21.3,29.055693306292746,-32.055693306292746,13.300000083368108,16.300000083368108,16.3,-9.096252021974504
7.133333333333334,21.400000000000002,31.807547424375365,-34.807547424375365,13.400000075434587,16.400000075434587,16.400000000000002,-10.464949590506384
7.166666666666668,21.500000000000004,35.439796761830635,-38.439796761830635,13.500000068256039,16.50000006825604,16.500000000000004,-11.744458149090574
7.2,21.6,40.32396547542961,-43.32396547542961,13.600000061760614,16.600000061760614,16.6,-12.920644503669354
7.233333333333334,21.700000000000003,47.092693369672574,-50.092693369672574,13.700000055883315,16.700000055883315,16.700000000000003,-13.980267692929807
7.266666666666667,21.8,56.9116191968463,-59.9116191968463,13.800000050565313,16.800000050565313,16.8,-14.911126164169277
7.300000000000001,21.900000000000002,72.18222305252779,-75.18222305252779,13.90000004575339,16.90000004575339,16.900000000000002,-15.70219581521085
7.333333333333335,22.000000000000004,98.75774244150479,-101.75774244150479,14.000000041399382,17.00000004139938,17.000000000000004,-16.343757361952488
7.366666666666667,22.1,155.5970833591141,-158.5970833591141,14.100000037459708,17.100000037459708,17.1,-16.827511586896104
7.400000000000001,22.200000000000003,357.96405318636545,-360.96405318636545,14.200000033894945,17.200000033894945,17.200000000000003,-17.14668113591546
7.433333333333334,22.3,-1349.5915708409138,1346.5915708409138,14.300000030669413,17.300000030669413,17.3,-17.29609765756309
7.466666666666668,22.400000000000002,-241.12752450343058,238.12752450343058,14.400000027750835,17.400000027750835,17.400000000000002,-17.27227322018901
7.500000000000001,22.500000000000004,-135.15459766676233,132.15459766676233,14.500000025109994,17.500000025109994,17.500000000000004,-17.073455095692747
7.533333333333334,22.6,-95.48005571134512,92.48005571134512,14.600000022720462,17.60000002272046,17.6,-16.699663163358984
7.566666666666667,22.700000000000003,-74.9014969166189,71.9014969166189,14.700000020558324,17.700000020558324,17.700000000000003,-16.15270936130394
7.6000000000000005,22.8,-62.44297886330596,59.44297886330596,14.800000018601938,17.80000001860194,17.8,-15.436198794843348
7.633333333333334,22.900000000000002,-54.19885629087032,51.19885629087032,14.900000016831733,17.900000016831733,17.900000000000002,-14.555512298740608
7.666666666666668,23.000000000000004,-48.43274409977615,45.43274409977615,15.000000015229983,18.000000015229983,18.000000000000004,-13.51777044189013
7.7,23.1,-44.25730984302179,41.25730984302179,15.100000013780658,18.100000013780658,18.1,-12.33177915655455
7.733333333333334,23.200000000000003,-41.17405126375076,38.17405126375076,15.200000012469257,18.200000012469257,18.200000000000003,-11.007957367794322
7.766666666666667,23.3,-38.88362932668395,35.88362932668395,15.300000011282648,18.30000001128265,18.3,-9.558247190169187
7.800000000000001,23.400000000000002,-37.197897190021855,34.197897190021855,15.400000010208963,18.400000010208963,18.400000000000002,-7.996007446122842
7.833333333333335,23.500000000000004,-35.99540036113323,32.99540036113323,15.500000009237453,18.500000009237453,18.500000000000004,-6.335891441687771
7.866666666666667,23.6,-35.19740501720297,32.19740501720297,15.600000008358393,18.600000008358393,18.6,-4.593710108301149
7.900000000000001,23.700000000000003,-34.75446421711259,31.75446421711259,15.700000007562988,18.700000007562988,18.700000000000003,-2.7862817827254527
7.933333333333334,23.8,-34.638841228709275,31.638841228709275,15.800000006843273,18.800000006843273,18.8,-0.9312700485133075
7.966666666666668,23.900000000000002,-34.84050217413296,31.840502174132958,15.900000006192048,18.900000006192048,18.900000000000002,0.9529887995487992
8.000000000000002,24.000000000000004,-35.36558161313651,32.36558161313651,16.0000000056028,19.0000000056028,19.000000000000004,2.8476669835961617
8.033333333333333,24.1,-36.23690985450403,33.23690985450403,16.10000000506962,19.10000000506962,19.1,4.733633372474533
8.066666666666668,24.200000000000003,-37.49669731189434,34.49669731189434,16.200000004587185,19.200000004587185,19.200000000000003,6.591646633342056
8.100000000000001,24.300000000000004,-39.21200824233292,36.21200824233292,16.300000004150657,19.300000004150657,19.300000000000004,8.402551455196903
8.133333333333335,24.400000000000002,-41.48444845631267,38.48444845631267,16.400000003755668,19.400000003755668,19.400000000000002,10.14747584405937
8.166666666666668,24.500000000000004,-44.46692542678834,41.46692542678834,16.50000000339827,19.50000000339827,19.500000000000004,11.808027459532276
8.200000000000001,24.6,-48.393261102193314,45.393261102193314,16.600000003074882,19.600000003074882,19.6,13.366486953335459
8.233333333333334,24.700000000000003,-53.63295335841837,50.63295335841837,16.700000002782268,19.700000002782268,19.700000000000003,14.80599628243737
8.266666666666667,24.800000000000004,-60.7993106781286,57.7993106781286,16.800000002517503,19.800000002517503,19.800000000000004,16.110740002640732
8.3,24.900000000000002,-70.98263416458201,67.98263416458201,16.900000002277928,19.900000002277928,19.900000000000002,17.266117602769217
8.333333333333334,25.000000000000004,-86.31657572263033,83.31657572263033,17.000000002061157,20.000000002061157,20.000000000000004,18.258905014552585
8.366666666666667,25.1,-111.60559359715187,108.60559359715187,17.10000000186501,20.10000000186501,20.1,19.077403528322684
8.4,25.200000000000003,-160.38422458298706,157.38422458298706,17.20000000168753,20.20000000168753,20.200000000000003,19.711574458892926
8.433333333333335,25.300000000000004,-291.1846419893283,288.1846419893283,17.300000001526943,20.300000001526943,20.300000000000004,20.153158038468927
8.466666666666667,25.400000000000002,-1713.0028453656932,1710.0028453656932,17.400000001381635,20.400000001381635,20.400000000000002,20.395775162910457
8.500000000000002,25.500000000000004,436.89983355031114,-439.89983355031114,17.500000001250157,20.500000001250157,20.500000000000004,20.43501078271538
8.533333333333333,25.6,193.99691079960147,-196.99691079960147,17.600000001131185,20.600000001131185,20.6,20.268477909143492
8.566666666666668,25.700000000000003,125.25292288701985,-128.25292288701985,17.700000001023543,20.700000001023543,20.700000000000003,19.895861397193794
8.600000000000001,25.800000000000004,93.0621725212841,-96.0621725212841,17.80000000092614,20.80000000092614,20.800000000000004,19.31894086880658
8.633333333333335,25.900000000000002,74.57872812728445,-77.57872812728445,17.900000000838006,20.900000000838006,20.900000000000002,18.541592349670104
8.666666666666668,26.000000000000004,62.725902586938815,-65.72590258693882,18.00000000075826,21.00000000075826,21.000000000000004,17.56976840925714
8.700000000000001,26.1,54.595705189069704,-57.595705189069704,18.1000000006861,21.1000000006861,21.1,16.41145681400306
8.733333333333334,26.200000000000003,48.77596116733736,-51.77596116733736,18.20000000062081,21.20000000062081,21.200000000000003,15.076617925606778
8.766666666666667,26.300000000000004,44.50073484330018,-47.50073484330018,18.300000000561734,21.300000000561734,21.300000000000004,13.577101298000033
8.8,26.400000000000002,41.321270458444005,-44.321270458444005,18.400000000508275,21.400000000508275,21.400000000000002,11.92654214527789
8.833333333333334,26.500000000000004,38.960021675510426,-41.960021675510426,18.50000000045991,21.50000000045991,21.500000000000004,10.14023856652515
8.866666666666667,26.6,37.239194976274916,-40.239194976274916,18.60000000041614,21.60000000041614,21.6,8.235010619746708
8.9,26.700000000000003,36.04313804352072,-39.04313804352072,18.70000000037654,21.70000000037654,21.700000000000003,6.229042533811635
8.933333333333335,26.800000000000004,35.2975255173264,-38.2975255173264,18.80000000034071,21.80000000034071,21.800000000000004,4.141709532340467
8.966666666666667,26.900000000000002,34.95756779251686,-37.95756779251686,18.900000000308285,21.900000000308285,21.900000000000002,1.9933909147765911
9.000000000000002,27.000000000000004,35.00148865587771,-38.00148865587771,19.000000000278952,22.000000000278952,22.000000000000004,-0.19472880438896348
9.033333333333333,27.1,35.42743156569428,-38.42743156569428,19.100000000252404,22.100000000252404,22.1,-2.400868758872163
9.066666666666668,27.200000000000003,36.25297895380711,-39.25297895380711,19.200000000228385,22.200000000228385,22.200000000000003,-4.602868537470123
9.100000000000001,27.300000000000004,37.51713618973309,-40.51713618973309,19.30000000020665,22.30000000020665,22.300000000000004,-6.778410776486425
9.133333333333335,27.400000000000002,39.28523118865382,-42.28523118865382,19.400000000186985,22.400000000186985,22.400000000000002,-8.90524730192017
9.166666666666668,27.500000000000004,41.65795578065662,-44.65795578065662,19.500000000169194,22.500000000169194,22.500000000000004,-10.961426530361535
9.200000000000001,27.6,44.78707687538628,-47.78707687538628,19.60000000015309,22.60000000015309,22.6,-12.925519805476144
9.233333333333334,27.700000000000003,48.90288246953182,-51.90288246953182,19.700000000138523,22.700000000138523,22.700000000000003,-14.776844338623867
9.266666666666667,27.800000000000004,54.36387974129611,-57.36387974129611,19.800000000125344,22.800000000125344,22.800000000000004,-16.495680437808844
9.3,27.900000000000002,61.752071683134176,-64.75207168313418,19.900000000113412,22.900000000113412,22.900000000000002,-18.06348074883709
9.333333333333334,28.000000000000004,72.07042257849781,-75.07042257849781,20.000000000102624,23.000000000102624,23.000000000000004,-19.463069296028973
9.366666666666667,28.1,87.1972221950416,-90.1972221950416,20.100000000092855,23.100000000092855,23.1,-20.67882819663465
9.4,28.200000000000003,111.09406421011796,-114.09406421011796,20.20000000008402,23.20000000008402,23.200000000000003,-21.696870032513335
9.433333333333335,28.300000000000004,153.7812132872524,-156.7812132872524,20.300000000076025,23.300000000076025,23.300000000000004,-22.505193993700466
9.466666666666667,28.400000000000002,250.0421428423955,-253.0421428423955,20.40000000006879,23.40000000006879,23.400000000000002,-23.0938240600232
9.500000000000002,28.500000000000004,659.3019996290159,-662.3019996290159,20.500000000062244,23.500000000062244,23.500000000000004,-23.45492765751582
9.533333333333333,28.6,-1085.9021078586545,1082.9021078586545,20.60000000005632,23.60000000005632,23.6,-23.582913414424414
9.566666666666668,28.700000000000003,-303.8349719520195,300.8349719520195,20.700000000050963,23.700000000050963,23.700000000000003,-23.4745068452626
9.600000000000001,28.800000000000004,-179.41095403641845,176.41095403641845,20.800000000046115,23.800000000046115,23.800000000000004,-23.12880300870393
9.633333333333335,28.900000000000002,-129.0353832352214,126.03538323522139,20.900000000041725,23.900000000041725,23.900000000000002,-22.54729541393385
9.666666666666668,29.000000000000004,-102.01480100053018,99.01480100053018,21.000000000037755,24.000000000037755,24.000000000000004,-21.73388068815894
9.700000000000001,29.1,-85.34678807146229,82.34678807146229,21.10000000003416,24.10000000003416,24.1,-20.694838762899302
9.733333333333334,29.200000000000003,-74.18461598450888,71.18461598450888,21.20000000003091,24.20000000003091,24.200000000000003,-19.438788585993656
9.766666666666667,29.300000000000004,-66.31273748169463,63.31273748169462,21.30000000002797,24.30000000002797,24.300000000000004,-17.976619617392757
9.8,29.400000000000002,-60.57768298256473,57.57768298256473,21.400000000025308,24.400000000025308,24.400000000000002,-16.32139961722373
9.833333333333334,29.500000000000004,-56.32278491840836,53.32278491840836,21.5000000000229,24.5000000000229,24.500000000000004,-14.488259481695478
9.866666666666667,29.6,-53.149866373129434,50.149866373129434,21.60000000002072,24.60000000002072,24.6,-12.494256123609304
9.9,29.700000000000003,-50.80685513653448,47.80685513653448,21.70000000001875,24.70000000001875,24.700000000000003,-10.358214627008735
9.933333333333335,29.800000000000004,-49.1302187824856,46.1302187824856,21.80000000001697,24.80000000001697,24.800000000000004,-8.10055112739703
9.966666666666667,29.900000000000002,-48.013667551028306,45.013667551028306,21.90000000001535,24.90000000001535,24.900000000000002,-5.743078077592067
10.000000000000002,30.000000000000004,-47.390511682777834,44.390511682777834,22.00000000001389,25.00000000001389,25.000000000000004,-3.308793752444238
10.033333333333333,30.1,-47.223701522555295,44.223701522555295,22.100000000012567,25.100000000012567,25.1,-0.8216580212042175
10.066666666666668,30.200000000000003,-47.500616722538595,44.500616722538595,22.200000000011375,25.200000000011375,25.200000000000003,1.6936434276420578
10.100000000000001,30.300000000000004,-48.23120917546774,45.23120917546774,22.300000000010293,25.300000000010293,25.300000000000004,4.211944089490218
10.133333333333335,30.400000000000002,-49.449012098355304,46.449012098355304,22.40000000000931,25.40000000000931,25.400000000000002,6.707848443165611
10.166666666666668,30.500000000000004,-51.215227009990706,48.215227009990706,22.500000000008427,25.500000000008427,25.500000000000004,9.155988027565378
10.200000000000001,30.6,-53.626877126737256,50.626877126737256,22.600000000007622,25.600000000007622,25.6,11.531279213449967
10.233333333333334,30.700000000000003,-56.83120063745464,53.83120063745464,22.7000000000069,25.7000000000069,25.700000000000003,13.809180051866406
10.266666666666667,30.800000000000004,-61.050645319887785,58.050645319887785,22.800000000006243,25.800000000006243,25.800000000000004,15.965943570697087
10.3,30.900000000000002,-66.62735059432083,63.62735059432082,22.900000000005647,25.900000000005647,25.900000000000002,17.978864907733136
10.333333333333334,31.000000000000004,-74.10623908160537,71.10623908160537,23.000000000005112,26.000000000005112,26.000000000000004,19.826519712469732
10.366666666666667,31.1,-84.40128545024847,81.40128545024847,23.100000000004624,26.100000000004624,26.1,21.48899131926393
10.4,31.200000000000003,-99.16041626705736,96.16041626705736,23.200000000004184,26.200000000004184,26.200000000000003,22.948084291045348
10.433333333333335,31.300000000000004,-121.67344381849529,118.67344381849529,23.300000000003788,26.300000000003788,26.300000000000004,24.18752205461116
10.466666666666667,31.400000000000002,-159.5752017778946,156.5752017778946,23.400000000003427,26.400000000003427,26.400000000000002,25.19312649460723
10.500000000000002,31.500000000000004,-235.5177332369572,232.5177332369572,23.5000000000031,26.5000000000031,26.500000000000004,25.952977542253826
10.533333333333333,31.6,-459.6887466244416,456.6887466244416,23.600000000002805,26.600000000002805,26.6,26.457550985150494
10.566666666666668,31.700000000000003,-13402.110963972606,13399.110963972606,23.70000000000254,26.70000000000254,26.700000000000003,26.699832934282455
10.600000000000001,31.800000000000004,491.22239050481073,-494.22239050481073,23.8000000000023,26.8000000000023,26.800000000000004,26.675409611629778
10.633333333333335,31.900000000000002,241.87572569965423,-244.87572569965423,23.90000000000208,26.90000000000208,26.900000000000002,26.382531364344594
10.666666666666666,32,161.30545536911316,-164.30545536911316,24.000000000001883,27.000000000001883,27.000000000000004,25.82215006692156
10.700000000000001,32.1,121.81950114109321,-124.81950114109321,24.100000000001703,27.100000000001703,27.1,24.997929338615627
10.733333333333334,32.2,98.61277780965895,-101.61277780965895,24.20000000000154,27.20000000000154,27.200000000000003,23.916227276899658
10.766666666666667,32.300000000000004,83.52008589836156,-86.52008589836156,24.300000000001397,27.300000000001397,27.300000000000004,22.586051686253786
10.800000000000002,32.400000000000006,73.07075943525734,-76.07075943525734,24.400000000001263,27.400000000001263,27.400000000000002,21.018988062213463
10.833333333333334,32.5,65.54230408430396,-68.54230408430396,24.500000000001144,27.500000000001144,27.500000000000004,19.22910087051512
10.866666666666667,32.6,59.98623637760611,-62.98623637760611,24.60000000000103,27.60000000000103,27.6,17.232808937492404
10.9,32.7,55.840739228723145,-58.840739228723145,24.700000000000937,27.700000000000937,27.700000000000003,15.048736037733185
10.933333333333335,32.800000000000004,52.75557333313332,-55.75557333313332,24.80000000000085,27.80000000000085,27.800000000000004,12.697538025608475
10.966666666666669,32.900000000000006,50.50515745712922,-53.50515745712922,24.900000000000766,27.900000000000766,27.900000000000002,10.201708105885043
11,33,48.94233875956243,-51.94233875956243,25.000000000000696,28.000000000000696,28.000000000000004,7.585362072620238
11.033333333333333,33.1,47.97262795882784,-50.97262795882784,25.100000000000627,28.100000000000627,28.1,4.874005562409568
11.066666666666668,33.2,47.53956455876541,-50.53956455876541,25.200000000000568,28.200000000000568,28.200000000000003,2.094285565478889
11.100000000000001,33.300000000000004,47.616670940607506,-50.616670940607506,25.300000000000516,28.300000000000516,28.300000000000004,-0.7262713860539342
11.133333333333335,33.400000000000006,48.203772516460404,-51.203772516460404,25.400000000000464,28.400000000000464,28.400000000000002,-3.5595317811386873
11.166666666666666,33.5,49.32672980668913,-52.32672980668913,25.500000000000423,28.500000000000423,28.500000000000004,-6.377035745323798
11.200000000000001,33.6,51.04048579819,-54.04048579819,25.60000000000038,28.60000000000038,28.6,-9.150282909888066
11.233333333333334,33.7,53.436142578431415,-56.436142578431415,25.700000000000347,28.700000000000347,28.700000000000003,-11.851020663203595
11.266666666666667,33.800000000000004,56.653876912138614,-59.653876912138614,25.800000000000313,28.800000000000313,28.800000000000004,-14.451531869392625
11.300000000000002,33.900000000000006,60.905394673089006,-63.905394673089006,25.900000000000283,28.900000000000283,28.900000000000002,-16.924919125257283
11.333333333333334,34,66.5133702104694,-69.5133702104694,26.00000000000026,29.00000000000026,29.000000000000004,-19.24538264217614
11.366666666666667,34.1,73.98348390432695,-76.98348390432695,26.100000000000232,29.100000000000232,29.1,-21.38848888521943
11.4,34.2,84.14416028458483,-87.14416028458483,26.200000000000212,29.200000000000212,29.200000000000003,-23.33142717686079
11.433333333333335,34.300000000000004,98.44072218078205,-101.44072218078205,26.300000000000193,29.300000000000193,29.300000000000004,-25.05325157676822
11.466666666666669,34.400000000000006,119.6266048043126,-122.6266048043126,26.400000000000173,29.400000000000173,29.400000000000002,-26.5351054813795
11.5,34.5,153.65678531194976,-156.65678531194976,26.500000000000156,29.500000000000156,29.500000000000004,-27.760426546117166
11.533333333333333,34.6,216.21633638589037,-219.21633638589037,26.60000000000014,29.60000000000014,29.6,-28.715129717732687
11.566666666666668,34.7,366.24028928142116,-369.24028928142116,26.70000000000013,29.70000000000013,29.700000000000003,-29.387766372659712
11.600000000000001,34.800000000000004,1185.0777915639715,-1188.0777915639715,26.800000000000118,29.800000000000118,29.800000000000004,-29.7696577874191
11.633333333333335,34.900000000000006,-983.9952707026245,980.9952707026245,26.900000000000105,29.900000000000105,29.900000000000002,-29.855001416848054
11.666666666666666,35,-353.0777466879779,350.0777466879779,27.000000000000096,30.000000000000096,30.000000000000004,-29.64094872278584
11.700000000000001,35.1,-217.97749993040478,214.97749993040478,27.100000000000087,30.100000000000087,30.1,-29.127653577227537
11.733333333333334,35.2,-159.56105709594513,156.56105709594513,27.20000000000008,30.20000000000008,30.200000000000003,-28.318290557068455
11.766666666666667,35.300000000000004,-127.27581220338749,124.27581220338749,27.300000000000075,30.300000000000075,30.300000000000004,-27.219042749487805
11.800000000000002,35.400000000000006,-107.017854588603,104.017854588603,27.400000000000066,30.400000000000066,30.400000000000002,-25.83905899473152
11.833333333333334,35.5,-93.3036866194307,90.3036866194307,27.50000000000006,30.50000000000006,30.500000000000004,-24.190380803447134
11.866666666666667,35.6,-83.56114512287317,80.56114512287317,27.60000000000005,30.60000000000005,30.6,-22.28783949564676
11.9,35.7,-76.42752463098907,73.42752463098907,27.70000000000005,30.70000000000005,30.700000000000003,-20.148924414658087
11.933333333333335,35.800000000000004,-71.11734363413998,68.11734363413998,27.800000000000047,30.800000000000047,30.800000000000004,-17.79362336892845
11.966666666666669,35.900000000000006,-67.15002386071497,64.15002386071497,27.90000000000004,30.90000000000004,30.900000000000002,-15.244236744164354
12,36,-64.21942372320586,61.219423723205864,28.00000000000004,31.00000000000004,31.000000000000004,-12.525167005014916
12.033333333333333,36.1,-62.126220835384096,59.126220835384096,28.100000000000033,31.100000000000033,31.1,-9.662685566434977
12.066666666666668,36.2,-60.740840426066555,57.740840426066555,28.20000000000003,31.20000000000003,31.200000000000003,-6.684679257231588
12.100000000000001,36.300000000000004,-59.982463961584536,56.982463961584536,28.30000000000003,31.30000000000003,31.300000000000004,-3.6203788195354063
12.133333333333335,36.400000000000006,-59.8072045505408,56.8072045505408,28.400000000000023,31.400000000000023,31.400000000000002,-0.500072085643085
12.166666666666666,36.5,-60.20204290345638,57.20204290345638,28.500000000000025,31.500000000000025,31.500000000000004,2.645195354290137
12.200000000000001,36.6,-61.18292714101461,58.18292714101461,28.60000000000002,31.60000000000002,31.6,5.783929035786581
12.233333333333334,36.7,-62.796541132954175,59.796541132954175,28.70000000000002,31.70000000000002,31.700000000000003,8.884500981678029
12.266666666666667,36.800000000000004,-65.12613737421468,62.12613737421468,28.80000000000002,31.80000000000002,31.800000000000004,11.915468384052998
12.300000000000002,36.900000000000006,-68.30287390876649,65.30287390876649,28.900000000000016,31.900000000000016,31.900000000000002,14.845892395723181
12.333333333333334,37,-72.52574423807135,69.52574423807135,29.000000000000014,32.000000000000014,32,17.6456537997341
12.366666666666667,37.1,-78.09629853285423,75.09629853285423,29.100000000000016,32.100000000000016,32.1,20.285762337521007
12.4,37.2,-85.48088207805324,82.48088207805324,29.20000000000001,32.20000000000001,32.2,22.738656521206767
12.433333333333335,37.300000000000004,-95.42810515239424,92.42810515239424,29.30000000000001,32.30000000000001,32.300000000000004,24.978490832989074
12.466666666666669,37.400000000000006,-109.2071708961625,106.2071708961625,29.400000000000013,32.40000000000001,32.400000000000006,26.981407323972196
12.5,37.5,-129.1406535181227,126.14065351812268,29.500000000000007,32.50000000000001,32.5,28.725788765239496
12.533333333333333,37.6,-159.96450791550527,156.96450791550527,29.60000000000001,32.60000000000001,32.6,30.192490674185233
12.566666666666668,37.7,-213.0347099075455,210.0347099075455,29.70000000000001,32.70000000000001,32.7,31.36504973756573
12.600000000000001,37.800000000000004,-324.0519750431712,321.0519750431712,29.80000000000001,32.80000000000001,32.800000000000004,32.22986637754382
12.633333333333335,37.900000000000006,-693.4179799593369,690.4179799593369,29.900000000000013,32.90000000000001,32.900000000000006,32.77635945603504
12.666666666666666,38,4516.179207975738,-4519.179207975738,30.000000000000007,33.00000000000001,33,32.99709138353982
12.700000000000001,38.1,529.5782346950629,-532.5782346950629,30.10000000000001,33.10000000000001,33.1,32.88786218872107
12.733333333333334,38.2,282.3580385872131,-285.3580385872131,30.20000000000001,33.20000000000001,33.2,32.44777141142299
12.766666666666667,38.300000000000004,193.63965503389858,-196.63965503389858,30.300000000000004,33.300000000000004,33.300000000000004,31.679247001599794
12.800000000000002,38.400000000000006,148.3896299347557,-151.3896299347557,30.400000000000006,33.400000000000006,33.400000000000006,30.588040736553264
12.833333333333334,38.5,121.22746707555869,-124.22746707555869,30.5,33.5,33.5,29.18319000566741
12.866666666666667,38.6,103.33298436525767,-106.33298436525767,30.6,33.6,33.6,27.476946152088445
12.9,38.7,90.83851964853193,-93.83851964853193,30.700000000000003,33.7,33.7,25.484669901090324
12.933333333333335,38.800000000000004,81.78508731571863,-84.78508731571863,30.800000000000004,33.800000000000004,33.800000000000004,23.22469474172019
12.966666666666669,38.900000000000006,75.078527789585,-78.078527789585,30.900000000000006,33.900000000000006,33.900000000000006,20.71815945830182
13,39,70.06407240783636,-73.06407240783636,31,34,34,17.98881132808081
13.033333333333333,39.1,66.33057394726596,-69.33057394726596,31.1,34.1,34.1,15.062781807420532
13.066666666666668,39.2,63.612020012034364,-66.61202001203436,31.200000000000003,34.2,34.2,11.968336818317848
13.100000000000001,39.300000000000004,61.73463950814107,-64.73463950814107,31.300000000000004,34.300000000000004,34.300000000000004,8.735604016550168
13.133333333333335,39.400000000000006,60.58724291985724,-63.58724291985724,31.400000000000006,34.400000000000006,34.400000000000006,5.396279669665064
13.166666666666666,39.5,60.10436025886079,-63.10436025886079,31.5,34.5,34.5,1.9833179946198976
13.200000000000001,39.6,60.257068879397394,-63.257068879397394,31.6,34.6,34.6,-1.4693940012065227
13.233333333333334,39.7,61.04902352245729,-64.04902352245729,31.700000000000003,34.7,34.7,-4.927372967797859
13.266666666666667,39.800000000000004,62.51667113071257,-65.51667113071257,31.800000000000004,34.800000000000004,34.800000000000004,-8.355883608791594
13.300000000000002,39.900000000000006,64.7336703601711,-67.7336703601711,31.900000000000006,34.900000000000006,34.900000000000006,-11.720287586678488
13.333333333333334,40,67.82057324320888,-70.82057324320888,32,35,35,-14.986393432365286
13.366666666666667,40.1,71.96229384792116,-74.96229384792116,32.1,35.1,35.1,-18.12080392480544
13.4,40.2,77.43848844064229,-80.43848844064229,32.2,35.2,35.2,-21.091257412342138
13.433333333333335,40.300000000000004,84.67721124551838,-87.67721124551838,32.300000000000004,35.300000000000004,35.300000000000004,-23.866959589188266
13.466666666666669,40.400000000000006,94.35380119007326,-97.35380119007326,32.400000000000006,35.400000000000006,35.400000000000006,-26.418902317830206
13.5,40.5,107.58506390527886,-110.58506390527886,32.5,35.5,35.5,-28.72016620052268
13.533333333333333,40.6,126.3447434434236,-129.3447434434236,32.6,35.6,35.6,-30.746203749469235
13.566666666666668,40.7,154.46170812888693,-157.46170812888693,32.7,35.7,35.7,-32.47510018445696
13.600000000000001,40.800000000000004,200.4430399309068,-203.4430399309068,32.800000000000004,35.800000000000004,35.800000000000004,-33.88780909700167
13.633333333333335,40.900000000000006,287.7168425767142,-290.7168425767142,32.900000000000006,35.900000000000006,35.900000000000006,-34.96836045947298
13.666666666666666,41,512.7713113163115,-515.7713113163115,33,36,36,-35.704038723952166
13.700000000000001,41.1,2335.253215848183,-2338.253215848183,33.1,36.1,36.1,-36.08552904615619
13.733333333333334,41.2,-930.0751292338447,927.0751292338447,33.2,36.2,36.2,-36.10702998182206
13.766666666666667,41.300000000000004,-392.8331748053033,389.8331748053033,33.300000000000004,36.300000000000004,36.300000000000004,-35.76633133343566
13.800000000000002,41.400000000000006,-251.924450847304,248.924450847304,33.400000000000006,36.400000000000006,36.400000000000006,-35.064856170844834
13.833333333333334,41.5,-187.47877708579452,184.47877708579452,33.5,36.5,36.5,-34.00766640669675
13.866666666666667,41.6,-150.89140058955954,147.89140058955954,33.6,36.6,36.6,-32.60343167321313
13.9,41.7,-127.57271674855352,124.57271674855352,33.7,36.7,36.7,-30.86436161690213
13.933333333333335,41.800000000000004,-111.62832884024239,108.62832884024239,33.800000000000004,36.800000000000004,36.800000000000004,-28.80610209866392
13.966666666666669,41.900000000000006,-100.2261077060584,97.2261077060584,33.900000000000006,36.900000000000006,36.900000000000006,-26.447596154628084
14,42,-91.84080430346702,88.84080430346702,34,37,37,-23.81091093420898
14.033333333333333,42.1,-85.5829045339619,82.5829045339619,34.1,37.1,37.1,-20.92103218258474
14.066666666666668,42.2,-80.9036163432397,77.9036163432397,34.2,37.2,37.2,-17.80562817148904
14.100000000000001,42.300000000000004,-77.45139615537245,74.45139615537245,34.300000000000004,37.300000000000004,37.300000000000004,-14.494785301349664
14.133333333333335,42.400000000000006,-74.99675825792605,71.99675825792605,34.400000000000006,37.400000000000006,37.400000000000006,-11.020717896109382
14.166666666666666,42.5,-73.39073503574166,70.39073503574166,34.5,37.5,37.5,-7.417454986367335
14.200000000000001,42.6,-72.54127795471113,69.54127795471113,34.6,37.6,37.6,-3.720507123890887
14.233333333333334,42.7,-72.40002737215735,69.40002737215735,34.7,37.7,37.7,0.033483511575553224
14.266666666666667,42.800000000000004,-72.95571747038429,69.95571747038429,34.800000000000004,37.800000000000004,37.800000000000004,3.8071062663167883
14.300000000000002,42.900000000000006,-74.23250405056699,71.23250405056699,34.900000000000006,37.900000000000006,37.900000000000006,7.562554828550307
14.333333333333334,43,-76.29277740652806,73.29277740652806,35,38,38,11.262005990956641
14.366666666666667,43.1,-79.24511149271311,76.24511149271311,35.1,38.1,38.1,14.86800056523275
14.4,43.2,-83.25934615613562,80.25934615613562,35.2,38.2,38.2,18.343822612741494
14.433333333333335,43.300000000000004,-88.59300084784802,85.59300084784802,35.300000000000004,38.300000000000004,38.300000000000004,21.653873152648206
14.466666666666669,43.400000000000006,-95.63745273718241,92.63745273718241,35.400000000000006,38.400000000000006,38.400000000000006,24.764034545083117
14.500000000000002,43.50000000000001,-105.00133663971475,102.00133663971475,35.50000000000001,38.50000000000001,38.50000000000001,27.642021821708497
14.533333333333333,43.6,-117.66966329455624,114.66966329455624,35.6,38.6,38.6,30.257717349014108
14.566666666666668,43.7,-135.33133808925223,132.33133808925223,35.7,38.7,38.7,32.583485359772205
14.600000000000001,43.800000000000004,-161.12566820805174,158.12566820805174,35.800000000000004,38.800000000000004,38.800000000000004,34.594463074008026
14.633333333333335,43.900000000000006,-201.60049456592702,198.60049456592702,35.900000000000006,38.900000000000006,38.900000000000006,36.26882535089486
14.66666666666667,44.00000000000001,-273.0240331246063,270.0240331246063,36.00000000000001,39.00000000000001,39.00000000000001,37.588020065079505
14.700000000000001,44.1,-429.98689159121227,426.98689159121227,36.1,39.1,39.1,38.536971682713755
14.733333333333334,44.2,-1039.4883733908455,1036.4883733908455,36.2,39.2,39.2,39.104250821185964
14.766666666666667,44.300000000000004,2409.979124914154,-2412.979124914154,36.300000000000004,39.300000000000004,39.300000000000004,39.28220790922495
14.800000000000002,44.400000000000006,558.1862729784314,-561.1862729784314,36.400000000000006,39.400000000000006,39.400000000000006,39.067069417437125
14.833333333333336,44.50000000000001,317.08147154451854,-320.08147154451854,36.50000000000001,39.50000000000001,39.50000000000001,38.45899549995158
14.866666666666667,44.6,222.83538112095084,-225.83538112095084,36.6,39.6,39.6,37.462098272025564
14.9,44.7,173.03848931494386,-176.03848931494386,36.7,39.7,39.7,36.08442034237353
14.933333333333335,44.800000000000004,142.5660010388338,-145.5660010388338,36.800000000000004,39.800000000000004,39.800000000000004,34.33787361868988
14.966666666666669,44.900000000000006,122.25055271457828,-125.25055271457828,36.900000000000006,39.900000000000006,39.900000000000006,32.23813880631255
15.000000000000002,45.00000000000001,107.95483112280772,-110.95483112280772,37.00000000000001,40.00000000000001,40.00000000000001,29.80452641917377
15.033333333333333,45.1,97.54291249619156,-100.54291249619156,37.1,40.1,40.1,27.05980051504406
15.066666666666668,45.2,89.8057069978812,-92.8057069978812,37.2,40.2,40.2,24.029966749591246
15.100000000000001,45.300000000000004,84.01268478558364,-87.01268478558364,37.300000000000004,40.300000000000004,40.300000000000004,20.744026712030433
15.133333333333335,45.400000000000006,79.70206981739007,-82.70206981739007,37.400000000000006,40.400000000000006,40.400000000000006,17.2337008553205
15.16666666666667,45.50000000000001,76.57395121492597,-79.57395121492597,37.50000000000001,40.50000000000001,40.50000000000001,13.533122662360762
15.200000000000001,45.6,74.43235360672344,-77.43235360672344,37.6,40.6,40.6,9.678506993005017
15.233333333333334,45.7,73.15258224757027,-76.15258224757027,37.7,40.7,40.7,5.707795831761815
15.266666666666667,45.800000000000004,72.66267242426018,-75.66267242426018,37.800000000000004,40.800000000000004,40.800000000000004,1.6602848998741966
15.300000000000002,45.900000000000006,72.93345025485844,-75.93345025485844,37.900000000000006,40.900000000000006,40.900000000000006,-2.4237651945687912
15.333333333333336,46.00000000000001,73.97455345907281,-76.97455345907281,38.00000000000001,41.00000000000001,41.00000000000001,-6.503529420993358
15.366666666666667,46.1,75.83540036952013,-78.83540036952013,38.1,41.1,41.1,-10.53802642191704
15.4,46.2,78.61130912442859,-81.61130912442859,38.2,41.2,41.2,-14.486530160332833
15.433333333333335,46.300000000000004,82.45625610165933,-85.45625610165933,38.300000000000004,41.300000000000004,41.300000000000004,-18.308980984118516
15.466666666666669,46.400000000000006,87.60566493162663,-90.60566493162663,38.400000000000006,41.400000000000006,41.400000000000006,-21.966391958858683
15.500000000000002,46.50000000000001,94.41607354223547,-97.41607354223547,38.50000000000001,41.50000000000001,41.50000000000001,-25.42124634848223
15.533333333333333,46.6,103.43560783885388,-106.43560783885388,38.6,41.6,41.6,-28.63788219292709
15.566666666666668,46.7,115.53508937736004,-118.53508937736004,38.7,41.7,41.7,-31.58286004311284
15.600000000000001,46.800000000000004,132.1688045980402,-135.1688045980402,38.800000000000004,41.800000000000004,41.800000000000004,-34.22531006490224
15.633333333333335,46.900000000000006,155.94206461324006,-158.94206461324006,38.900000000000006,41.900000000000006,41.900000000000006,-36.537254914135715
15.66666666666667,47.00000000000001,192.0071592060145,-195.0071592060145,39.00000000000001,42.00000000000001,42.00000000000001,-38.49390501245675
15.700000000000001,47.1,252.14900404704738,-255.14900404704738,39.1,42.1,42.1,-40.07392311640721
15.733333333333334,47.2,370.4622378016759,-373.4622378016759,39.2,42.2,42.2,-41.25965536764889
15.766666666666667,47.300000000000004,703.3903115012932,-706.3903115012932,39.300000000000004,42.300000000000004,42.300000000000004,-42.037326337325126
15.800000000000002,47.400000000000006,6848.834341938035,-6851.834341938035,39.400000000000006,42.400000000000006,42.400000000000006,-42.39719592937328
15.833333333333336,47.50000000000001,-896.8299779312871,893.8299779312871,39.50000000000001,42.50000000000001,42.50000000000001,-42.33367638258272
15.866666666666667,47.6,-425.65952910395004,422.65952910395004,39.6,42.6,42.6,-41.845408005694836
15.9,47.7,-282.07262957090467,279.07262957090467,39.7,42.7,42.7,-40.93529268995009
15.933333333333335,47.800000000000004,-213.137352025937,210.137352025937,39.800000000000004,42.800000000000004,42.800000000000004,-39.610484665132844
15.966666666666669,47.900000000000006,-173.04007539419126,170.04007539419126,39.900000000000006,42.900000000000006,42.900000000000006,-37.882338394132326
16.000000000000004,48.00000000000001,-147.11472357238534,144.11472357238534,40.00000000000001,43.00000000000001,43.00000000000001,-35.76631393302956
16.033333333333335,48.1,-129.22388344674286,126.22388344674286,40.1,43.1,43.1,-33.28184051437627
16.066666666666666,48.2,-116.35181053528635,113.35181053528635,40.2,43.2,43.2,-30.45213953629552
16.1,48.300000000000004,-106.84908565395898,103.84908565395898,40.300000000000004,43.300000000000004,43.300000000000004,-27.30400855498797
16.133333333333336,48.400000000000006,-99.74311539440696,96.74311539440696,40.400000000000006,43.400000000000006,43.400000000000006,-23.867568278918835
16.166666666666668,48.50000000000001,-94.42915892093657,91.42915892093657,40.50000000000001,43.50000000000001,43.50000000000001,-20.175974945296222
16.2,48.6,-90.51790665029282,87.51790665029282,40.6,43.6,43.6,-16.265100819463925
16.233333333333334,48.7,-87.75475661247312,84.75475661247312,40.7,43.7,43.7,-12.173185891794347
16.26666666666667,48.800000000000004,-85.97490753547787,82.97490753547787,40.800000000000004,43.800000000000004,43.800000000000004,-7.940464151092327
16.3,48.900000000000006,-85.07779225552427,82.07779225552427,40.900000000000006,43.900000000000006,43.900000000000006,-3.6087680851791553
16.333333333333336,49.00000000000001,-85.01285070448361,82.01285070448361,41.00000000000001,44.00000000000001,44.00000000000001,0.7788847046385102
16.366666666666667,49.1,-85.77270325235153,82.77270325235153,41.1,44.1,44.1,5.178718690674922
16.400000000000002,49.2,-87.39197291541099,84.39197291541099,41.2,44.2,44.2,9.546637165519504
16.433333333333334,49.300000000000004,-89.95143961616571,86.95143961616571,41.300000000000004,44.300000000000004,44.300000000000004,13.83866419084034
